"outcome","company_name","first_name","last_name","email"
"successful","Werner-Bryant","Adam","Zavala","adam.zavala@guichard.fr"
"successful","Stewart LLC","Rosie","Peltier","rosie.peltier@voila.fr"
"successful","Wright, Hartman and Yu","Melissa","Canali","melissa.canali@libero.it"
"successful","Rose-Silva","Antoine","Guyon","antoine.guyon@yahoo.com"
"successful","Baker Ltd","Jenna","Day","jenna.day@reed.com"
"successful","Perry and Sons","Brandi","Abbagnale","brandi.abbagnale@tele2.fr"
"successful","Long-Greene","Julia","Ali","julia.ali@yahoo.com"
"successful","Landry Inc","Walburga","Vollbrecht","walburga.vollbrecht@aol.de"
"successful","Henson PLC","Milan","Montenegro","milan.montenegro@langern.com"
"successful","Ramirez LLC","Rolando","Bibi","rolando.bibi@tin.it"
"successful","Parker, Haley and Foster","Pierangelo","Scholtz","pierangelo.scholtz@lefevre.com"
"successful","Gordon, Mendez and Johnson","Celal","Fischer","celal.fischer@aol.de"
"successful","Martin, Lee and Armstrong","Hansjoachim","Lettiere","hansjoachim.lettiere@hall-mcdaniel.net"
"successful","Davis Ltd","Trinidad","Vespa","trinidad.vespa@gmail.com"
"successful","Miller, Glenn and Adams","Galasso","Junken","galasso.junken@yahoo.co.uk"
"successful","Williams and Sons","Fidel","Ruppert","fidel.ruppert@yahoo.co.uk"
"successful","Kane, Pruitt and Rivera","Dario","Green","dario.green@live.com"
"successful","Wright-Bryant","Maura","Ravaglioli","maura.ravaglioli@yahoo.com"
"successful","Peterson, Gonzalez and Spencer","Randall","Connolly","randall.connolly@jovinelli-castelli.com"
"successful","Harris, Russell and Mitchell","Paulo","Zito","paulo.zito@nelson.biz"
"successful","Gonzalez-White","Albert","Legendre","albert.legendre@lee.com"
"successful","Manning-Hamilton","Whitney","Noack","whitney.noack@laboratorios.org"
"successful","Odom Inc","Mariana","Ellis","mariana.ellis@rossi.org"
"successful","Watts Group","Chad","Turner","chad.turner@gmail.com"
"successful","Vaughn, Hunt and Caldwell","Martino","Wagner","martino.wagner@laposte.net"
"successful","Casey-Kelly","Peter","Vogt","peter.vogt@yahoo.com"
"successful","Gomez, Bailey and Flores","Anthony","Hauffer","anthony.hauffer@tlustek.org"
"successful","Carlson Inc","Sandro","Moran","sandro.moran@hotmail.de"
"successful","Keith, Alvarez and Potter","Silvester","Brookes","silvester.brookes@franco.org"
"successful","Carney-Anderson","Flavia","Yoder","flavia.yoder@hotmail.de"
"successful","Sullivan Group","Elizabeth","Valdivia","elizabeth.valdivia@gmail.com"
"successful","Fox-Quinn","Herbert","Fraser","herbert.fraser@holloway.org.au"
"successful","Hill, Martin and Garcia","Olivie","Contarini","olivie.contarini@marshall-wright.biz"
"successful","Rosales, Branch and Harmon","Pellegrino","Allen","pellegrino.allen@gmail.com"
"successful","Allen-Jones","Ivan","Accardo","ivan.accardo@web.de"
"successful","Chase, Garcia and Johnson","Mirjam","Dawson","mirjam.dawson@yahoo.com"
"successful","Miller-Irwin","Benito","Gritti","benito.gritti@gmail.com"
"successful","Young PLC","Konrad","Briones","konrad.briones@fierro.com"
"successful","Mcgee Group","Joanne","Henderson","joanne.henderson@gmail.com"
"successful","Jordan-Acosta","Ludovica","Arellano","ludovica.arellano@morandi-argento.com"
"successful","Young LLC","Rachel","Ulibarri","rachel.ulibarri@schueler.com"
"successful","Lawrence Group","Walli","Albert","walli.albert@dussen.com"
"successful","Gray-Davis","Siegrun","Mota","siegrun.mota@matthews-montoya.org.au"
"successful","Perry PLC","Francis","Bernier","francis.bernier@rodriguez.com"
"successful","Jones-Martin","Veronica","Trapp","veronica.trapp@tiscali.it"
"successful","Padilla-Porter","Annalisa","Pugh","annalisa.pugh@hotmail.fr"
"successful","Marsh-Coleman","Genaro","Briand","genaro.briand@sfr.fr"
"successful","Taylor Inc","Leone","Richardson","leone.richardson@yahoo.com"
"successful","Anderson Group","Katherine","Cooley","katherine.cooley@yahoo.com"
"successful","Johns PLC","Magarete","Valentin","magarete.valentin@yahoo.com"
"successful","Martinez-Juarez","Thibaut","Camarillo","thibaut.camarillo@hotmail.com"
"successful","Rowe-Wong","Rouven","Ovadia","rouven.ovadia@gmail.com"
"successful","Martinez, Garza and Young","Marta","Huynh","marta.huynh@hernandez.info"
"successful","Valencia PLC","Rosario","Jacques","rosario.jacques@yahoo.com"
"successful","Cardenas, Thompson and Carey","Andrey","Faure","andrey.faure@frederick-mitchell.info"
"successful","Evans-Jones","Kristy","Bartlett","kristy.bartlett@outlook.com"
"successful","Logan-Miranda","Kata","Mena","kata.mena@gmail.com"
"successful","Mitchell-Lee","Giuliano","Bolzmann","giuliano.bolzmann@pacillo.it"
"successful","Shaffer-Mason","Holly","Negrete","holly.negrete@hotmail.com"
"successful","Vega, Chan and Carney","Bekir","Normand","bekir.normand@yahoo.de"
"successful","Welch Inc","Cristal","Mazzini","cristal.mazzini@gmail.com"
"successful","English-Mccullough","Romina","Valentine","romina.valentine@hotmail.com"
"successful","Watson-Douglas","Ermenegildo","Holzapfel","ermenegildo.holzapfel@aol.de"
"successful","Valdez, Williams and Meyer","Ariana","Houston","ariana.houston@hotmail.it"
"successful","Stewart and Sons","Henriette","Lang","henriette.lang@mimun.it"
"successful","Dyer Inc","Wilfriede","Baca","wilfriede.baca@caraballo.com"
"successful","Hogan Group","Michela","Pruvost","michela.pruvost@holt.co.uk"
"successful","Mora, Miller and Harper","Kristi","Grant","kristi.grant@yahoo.co.uk"
"successful","Peterson Ltd","Ugo","Harrison","ugo.harrison@morley-chapman.co.uk"
"successful","Nunez-King","Ehrentraud","Puga","ehrentraud.puga@laboratorios.com"
"successful","Ramirez LLC","Bettina","Norbiato","bettina.norbiato@allen-lutz.org"
"successful","Douglas LLC","Sally","Raya","sally.raya@tarchetti.it"
"successful","Smith and Sons","Gino","Hernandez","gino.hernandez@covarrubias.com"
"successful","Ferguson PLC","Jamie","Peacock","jamie.peacock@interiano-nordio.com"
"successful","Richardson Inc","Jutta","Burke","jutta.burke@elliott.com"
"successful","Wang, Nguyen and Horton","Lando","Gutierrez","lando.gutierrez@heser.com"
"successful","Fox-Williams","Cindy","Castillo","cindy.castillo@virgilio.it"
"successful","West-Stevens","Gloria","Morton","gloria.morton@outlook.com"
"successful","Bright and Sons","Annie","Hunter","annie.hunter@allen.co.uk"
"successful","Craig, Ellis and Miller","Grit","Knight","grit.knight@web.de"
"successful","Santos Group","Nico","Kaiser","nico.kaiser@almonte.com"
"successful","Walker, Taylor and Coleman","Lotti","Morris","lotti.morris@yahoo.co.uk"
"successful","Hill, Lawson and Wilkinson","Briana","Etienne","briana.etienne@bishop-coates.com"
"successful","Smith, Wells and Nguyen","Abril","Lowery","abril.lowery@novak.net"
"successful","Avila-Jones","Natalie","Lerma","natalie.lerma@boucher.com"
"successful","Payne, Oliver and Burch","Mehdi","Todd","mehdi.todd@web.de"
"successful","Bowen, Mcdonald and Hall","Gioffre","Stein","gioffre.stein@hotmail.com.au"
"successful","Morgan-Warren","Benita","Pottier","benita.pottier@sfr.fr"
"successful","Lloyd, Kennedy and Davis","Laetitia","Gallet","laetitia.gallet@aubry.org"
"successful","Ramirez-Myers","Alberico","Herve","alberico.herve@beer.net"
"successful","Hensley Ltd","Paula","Canales","paula.canales@gilmore-guerrero.com"
"successful","Wilson, Brooks and Clark","Eric","Barnes","eric.barnes@barrett-winter.com"
"successful","Holt, Bernard and Johnson","Cilli","Watts","cilli.watts@yahoo.com"
"successful","Ritter PLC","Melania","Klemm","melania.klemm@seidel.com"
"successful","Burnett-Mora","Rufino","Gallegos","rufino.gallegos@webster-newton.co.uk"
"successful","Dunn, Moreno and Green","Yeni","Tejada","yeni.tejada@olson.edu.au"
"successful","Robinson Group","Soledad","Soto","soledad.soto@hotmail.de"
"successful","Gardner Inc","Lodovico","Conley","lodovico.conley@yahoo.com"
"successful","Matthews LLC","Mark","Trapanese","mark.trapanese@gmail.com"
"successful","Johnson-Pace","Valentina","Pages","valentina.pages@hotmail.de"
"successful","Jones-Ryan","Aurelio","Gertz","aurelio.gertz@hewitt.net"
"successful","Collier LLC","Eitel","Lombard","eitel.lombard@thomas.net"
"successful","Christian, Kim and Jimenez","Kirsty","Lamy","kirsty.lamy@alonzi.it"
"successful","Thomas, Clay and Mendoza","Clara","Armstrong","clara.armstrong@vodafone.it"
"successful","Davis-Michael","Diana","Schuchhardt","diana.schuchhardt@libero.it"
"successful","Sandoval Group","Lara","Jacob","lara.jacob@buckley.org"
"successful","Roberts, Hinton and Williams","Carole","Nohlmans","carole.nohlmans@yahoo.com"
"successful","Marquez-Kerr","Ricky","Harrell","ricky.harrell@martin.edu"
"successful","Wright, Brooks and Villarreal","Antonio","Gibson","antonio.gibson@faust.net"
"successful","Collins-Goodman","Miranda","Lacombe","miranda.lacombe@longoria-vanegas.net"
"successful","Owens, Hall and Gonzalez","Gerdi","Guerrero","gerdi.guerrero@tele2.fr"
"successful","King-Nguyen","Jasmine","Juvara","jasmine.juvara@yahoo.com.au"
"successful","Franklin Inc","Francesca","Kade","francesca.kade@luna-rael.org"
"successful","Johnson Group","Leonardo","Guzman","leonardo.guzman@andreozzi-abba.com"
"successful","Davis Ltd","Alwine","Kostolzin","alwine.kostolzin@holloway.com"
"successful","Smith-Brown","Gonzalo","Montes","gonzalo.montes@hotmail.com"
"successful","Cook-Ortiz","Luigi","Bonnet","luigi.bonnet@carriera-federico.it"
"successful","Best-Young","Christelle","Blasi","christelle.blasi@morris-chan.com"
"successful","Gates PLC","Hector","Morrison","hector.morrison@web.de"
"successful","Soto-Anthony","Raffaella","Esquivel","raffaella.esquivel@gmail.com"
"successful","Howard-Douglas","Lilija","Charles","lilija.charles@gmail.com"
"successful","Melton, Robinson and Fritz","Sofie","Woods","sofie.woods@riviere.com"
"successful","Sparks-West","Laurie","Fibonacci","laurie.fibonacci@gmail.com"
"successful","Hanson Inc","Mary","Etzold","mary.etzold@conrad-harrison.com"
"successful","Charles-Johnson","Ottone","Sullivan","ottone.sullivan@hussain-kaur.com"
"successful","Jones-Meyer","Gudrun","Mueller","gudrun.mueller@dillon-fuller.info"
"successful","Fleming, Zhang and Henderson","Pedro","Wilson","pedro.wilson@outlook.com"
"successful","Jackson LLC","Enrique","Guillen","enrique.guillen@hotmail.co.uk"
"successful","Figueroa Ltd","Tristan","Weeks","tristan.weeks@pena.com"
"successful","Cordova Ltd","Pierina","Gaggini","pierina.gaggini@free.fr"
"successful","Osborne, Perkins and Knox","Salvador","Gaillard","salvador.gaillard@yahoo.de"
"successful","Walters-Carter","Gregory","Jackson","gregory.jackson@ortiz.com"
"successful","Higgins, Davis and Salazar","Marc","Aumann","marc.aumann@holland.com"
"successful","Bell, Grimes and Kerr","Alexa","Barillaro","alexa.barillaro@ramos.net"
"successful","Petersen and Sons","Denise","Wood","denise.wood@mantegna.com"
"successful","Ware-Arias","Amelia","Olvera","amelia.olvera@hotmail.com"
"successful","Shaw Ltd","Troy","Schmiedecke","troy.schmiedecke@picard.com"
"successful","Nunez-Richards","Conchita","Pagliaro","conchita.pagliaro@googlemail.com"
"successful","Cisneros Ltd","Beatriz","Moulin","beatriz.moulin@pinto.com"
"successful","Williams-Jones","Lucas","Austin","lucas.austin@gmail.com"
"successful","Nguyen Inc","Karla","Medici","karla.medici@yahoo.com"
"successful","Moreno Ltd","Allen","Gates","allen.gates@gmail.com"
"successful","Quinn, Cruz and Schmidt","Raven","Pinto","raven.pinto@hotmail.com"
"successful","Edwards LLC","Renato","Murillo","renato.murillo@club.com"
"successful","Gonzalez-Snow","Sevim","Begue","sevim.begue@yahoo.com.au"
"successful","Byrd Group","Carmine","Gonzales","carmine.gonzales@schleich.net"
"successful","Houston, Moore and Rogers","Juliette","Preston","juliette.preston@gmail.com"
"successful","Garcia, Dunn and Richardson","Cameron","Ocampo","cameron.ocampo@hotmail.com.au"
"successful","Williams LLC","Beate","Morgan","beate.morgan@gmail.com"
"successful","Cooper, Stanley and Bryant","Mario","Rees","mario.rees@gmx.de"
"successful","Wang, Silva and Byrd","Guarino","Escalante","guarino.escalante@hotmail.com"
"successful","Carter, Cole and Curtis","Katie","Andersen","katie.andersen@haney.com.au"
"successful","Dawson Group","Stella","Ullrich","stella.ullrich@hotmail.com.au"
"successful","Wright LLC","Durante","Lindner","durante.lindner@picard.fr"
"successful","Henderson, Parker and Diaz","Branko","Chambers","branko.chambers@ifrance.com"
"successful","Sellers, Roach and Garrison","Bernadette","Wang","bernadette.wang@gmail.com"
"successful","Diaz-Little","Ippazio","Angulo","ippazio.angulo@yahoo.com"
"successful","Scott, Wilson and Martin","Brian","Novak","brian.novak@ford.net"
"successful","Garcia, Garcia and Lopez","Pero","Joly","pero.joly@bernard.net"
"successful","Flores, Miller and Johnson","Jeremy","Gomez","jeremy.gomez@oconnor.org"
"successful","Lopez Inc","Sara","Erickson","sara.erickson@yahoo.de"
"successful","Cisneros-Burton","Branka","Traore","branka.traore@jacobi.com"
"successful","Garcia Inc","Carolyn","Charpentier","carolyn.charpentier@hotmail.de"
"successful","Harper-Davis","Gabrielle","Ayala","gabrielle.ayala@hotmail.com"
"successful","Fields-Moore","Adalberto","Lombardo","adalberto.lombardo@sfr.fr"
"successful","White, Larson and Wright","Ian","Kelly","ian.kelly@reeves.com.au"
"successful","Evans Group","Antonino","Bolander","antonino.bolander@gmail.com"
"successful","Santos, Black and Donovan","Kaylee","Hoffmann","kaylee.hoffmann@poulain.com"
"successful","Olsen, Edwards and Reid","Monique","Delgadillo","monique.delgadillo@hotmail.co.uk"
"successful","Pacheco, Johnson and Torres","William","Gibilisco","william.gibilisco@gaillard.com"
"successful","Obrien and Sons","Reece","Valencia","reece.valencia@laboy-palomo.com"
"successful","Grimes, Holland and Sloan","Travis","Cowan","travis.cowan@turner.info"
"successful","Lyons LLC","Amedeo","Bradford","amedeo.bradford@yahoo.com"
"successful","Clark Inc","Bill","Gallagher","bill.gallagher@green.com"
"successful","Hopkins-Browning","Xavier","Samson","xavier.samson@baggio.it"
"successful","Jarvis and Sons","Sonia","Volta","sonia.volta@gmx.de"
"successful","Waters and Sons","Beverley","Telesio","beverley.telesio@regnier.fr"
"successful","Ramos, Moreno and Lewis","Kim","Webb","kim.webb@yahoo.com.au"
"successful","Jones, Wiley and Robbins","Margot","Tomaselli","margot.tomaselli@junck.org"
"successful","Taylor, Wood and Taylor","Hiltrud","Thibault","hiltrud.thibault@barbe.com"
"successful","Reyes PLC","Jonas","Badoer","jonas.badoer@kennedy.biz"
"successful","Carson PLC","Belinda","Gamez","belinda.gamez@leleu.com"
"successful","Hunter-Logan","Rotraud","Mitchell","rotraud.mitchell@laboratorios.com"
"successful","Lawson and Sons","Lynn","Lawson","lynn.lawson@leclercq.com"
"successful","Lee PLC","Guenther","Armenta","guenther.armenta@free.fr"
"successful","Harris Group","Socorro","Luna","socorro.luna@hotmail.com"
"successful","Carter-Guzman","Kayla","Moon","kayla.moon@yahoo.de"
"successful","Collier Inc","Filippo","Parry","filippo.parry@live.com"
"successful","Campbell, Brown and Powell","Ingeborg","Alba","ingeborg.alba@hotmail.com"
"successful","Blair, Collins and Carter","Amalia","Marenzio","amalia.marenzio@grupo.com"
"successful","Jackson-Lewis","Greca","Ruiz","greca.ruiz@carr.co.uk"
"successful","Bennett and Sons","Martin","Meyer","martin.meyer@davis.co.uk"
"successful","Lamb Inc","Marguerite","Walls","marguerite.walls@martinez.fr"
"successful","Anderson-Perez","Flora","Harris","flora.harris@hotmail.com.au"
"successful","Wright, Fox and Marks","Cheryl","Boyd","cheryl.boyd@segni.it"
"successful","Crawford-Peters","Rhys","Leiva","rhys.leiva@gmx.de"
"successful","Berry-Boyer","Ubaldo","Brown","ubaldo.brown@philippe.com"
"successful","Moreno-Turner","Rupert","Valle","rupert.valle@filogamo.it"
"successful","Barker Inc","Thomas","Hutchinson","thomas.hutchinson@gmx.de"
"successful","Tate, Bass and House","Abelardo","Castro","abelardo.castro@gmail.com"
"successful","Davis-Smith","Brandon","Olson","brandon.olson@prince-moreno.net"
"successful","White, Singleton and Zimmerman","Daniela","Bell","daniela.bell@vollbrecht.org"
"successful","Howard Ltd","Jennifer","Giraud","jennifer.giraud@yahoo.com"
"successful","Baker-Morris","Luis","Edwards","luis.edwards@live.com"
"successful","Brandt, Carter and Wood","Esmeralda","Sollima","esmeralda.sollima@visintini.it"
"successful","Tucker, Schmidt and Reid","Silvia","Gierschner","silvia.gierschner@tele2.it"
"successful","Pratt LLC","Alicia","Cainero","alicia.cainero@yahoo.com"
"successful","Flowers and Sons","Roland","Weihmann","roland.weihmann@gmail.com"
"successful","Martin, Lopez and Hunter","Rodney","Hamon","rodney.hamon@hotmail.com"
"successful","Moss, Norman and Dunlap","Liam","Rolland","liam.rolland@yahoo.fr"
"successful","Clarke, Anderson and Lee","Gebhard","Thanel","gebhard.thanel@gmail.com"
"successful","Lopez and Sons","Rebecca","Greer","rebecca.greer@hotmail.com"
"successful","Cruz-Ward","Sergio","Abbott","sergio.abbott@moore.net.au"
"successful","White LLC","Bianca","Drubin","bianca.drubin@libero.it"
"successful","Lee, Gibson and Morgan","Dawn","Cortez","dawn.cortez@gmail.com"
"successful","Marks Ltd","Eleanor","Hall","eleanor.hall@hotmail.com"
"successful","Adams Group","Jason","Howell","jason.howell@gmx.de"
"successful","Howard, Carter and Griffith","Rosmarie","Esquibel","rosmarie.esquibel@bouygtel.fr"
"successful","Hayden, Shannon and Stein","Josette","Laine","josette.laine@saracino-parisi.net"
"successful","Weaver-Marquez","Hugues","Oliver","hugues.oliver@stiffel.com"
"successful","Johnson Inc","Natasha","Lara","natasha.lara@outlook.com"
"successful","Johnson, Dixon and Zimmerman","Geza","Howard","geza.howard@voila.fr"
"successful","Davis-Rodriguez","Ashley","Hellwig","ashley.hellwig@libero.it"
"successful","Bolton, Sanchez and Carrillo","Juan","Wheeler","juan.wheeler@gilmore.net"
"successful","Pitts-Reed","Dietmar","Grenier","dietmar.grenier@tele2.it"
"successful","Garcia PLC","Jeffery","Lacroix","jeffery.lacroix@medina.org"
"successful","Herring-Bailey","Edeltraud","Chavez","edeltraud.chavez@hotmail.com.au"
"successful","Russell-Gardner","Mesut","Morvan","mesut.morvan@gmail.com"
"successful","Perez PLC","Claudine","Rowley","claudine.rowley@industrias.com"
"successful","Williams Inc","Michael","Descamps","michael.descamps@gmail.com"
"successful","Duncan, Mcdonald and Miller","Heidelore","Kennedy","heidelore.kennedy@guinizzelli.org"
"successful","Gordon PLC","Ilaria","Bowen","ilaria.bowen@hotmail.it"
"successful","Lee and Sons","Marlen","Coardi","marlen.coardi@colletti.eu"
"successful","Acosta PLC","Herma","Gabbana","herma.gabbana@hotmail.com"
"successful","Horton, Morrison and Clark","Simone","Sauvage","simone.sauvage@yahoo.com"
"successful","Thomas and Sons","Ramona","Brooks","ramona.brooks@kensy.de"
"successful","Ramos-Mitchell","Alison","Morales","alison.morales@lewis.com"
"successful","Smith-Jenkins","Carla","Butler","carla.butler@yahoo.com"
"successful","Dawson, Brady and Gilbert","Rose","Blanc","rose.blanc@grupo.com"
"successful","Smith, Love and Smith","Serena","Piacentini","serena.piacentini@yahoo.de"
"successful","Turner-Davis","Jonathan","Castellitto","jonathan.castellitto@libero.it"
"successful","Townsend Ltd","Rodolfo","Couturier","rodolfo.couturier@tim.it"
"successful","Flores PLC","Brianna","Hanson","brianna.hanson@stanley.com"
"successful","Martinez LLC","Heiko","Bourgeois","heiko.bourgeois@togliatti.com"
"successful","Hebert Group","Olivia","Striebitz","olivia.striebitz@gmail.com"
"successful","Harris, Hall and Harris","Manfred","James","manfred.james@davies.org"
"successful","Carlson, Dixon and Jones","Judith","Butte","judith.butte@fischer-vaughn.info"
"successful","Hayden Ltd","Franco","Fioravanti","franco.fioravanti@barry-gill.com.au"
"successful","Gonzalez-Burton","Heather","Zimmer","heather.zimmer@bluemel.de"
"successful","Mills-Roy","Kurt","Sauer","kurt.sauer@almanza.biz"
"successful","Larsen-Chung","Christian","Anderson","christian.anderson@tim.it"
"successful","Anderson and Sons","Francisco","Dorsey","francisco.dorsey@tiscali.fr"
"successful","Lucas, Hall and Bonilla","Serafina","Bonnin","serafina.bonnin@mendes.com"
"successful","Williams, Perez and Villegas","Marcelle","Bender","marcelle.bender@edwards-robinson.info"
"successful","Skinner PLC","Gastone","Beyer","gastone.beyer@stewart-sanchez.edu"
"successful","Brown-Parker","Franck","Wade","franck.wade@gute.org"
"successful","Davidson, Wilcox and Lewis","Mauro","Ortiz","mauro.ortiz@oquendo.net"
"successful","Michael, Anderson and Vincent","Griselda","Carranza","griselda.carranza@krause.de"
"successful","Knox-Garner","Maurice","Gumprich","maurice.gumprich@griffin.net.au"
"successful","Taylor PLC","June","Sinisi","june.sinisi@manzoni-giannini.it"
"successful","Smith-Schmidt","Mercedes","Trujillo","mercedes.trujillo@aol.de"
"successful","Bailey-Boyer","Ronald","Simpson","ronald.simpson@ovadia.net"
"successful","Herrera-Wilson","Ingolf","Zamora","ingolf.zamora@yahoo.com.au"
"successful","Beck, Thompson and Martinez","Louis","Gilbert","louis.gilbert@gmail.com"
"successful","Blair, Reyes and Woods","Paul","Palladio","paul.palladio@mclaughlin.net.au"
"successful","Brown, Davies and Pacheco","Umberto","Hicks","umberto.hicks@hill.com"
"successful","Edwards-Kane","Alexandrie","Lambert","alexandrie.lambert@yahoo.com"
"successful","Hicks, Wall and Webb","Roberto","Guyot","roberto.guyot@bennett.com"
"successful","Rosales LLC","Camillo","Dehmel","camillo.dehmel@brown-campbell.com"
"successful","Spence, Jackson and Kelly","Meryem","Tapia","meryem.tapia@yahoo.com"
"successful","Mathis, Hall and Hansen","Adrian","Noel","adrian.noel@perrin.com"
"successful","Calderon, Bradford and Dean","Eloisa","Pascarella","eloisa.pascarella@gmail.com"
"successful","Anderson-Pearson","Claudia","Bernard","claudia.bernard@mazzanti.it"
"successful","Villanueva, Wright and Richardson","Mateo","Sorrentino","mateo.sorrentino@calderon.com"
"successful","Wise, Thompson and Allen","Antje","Voisin","antje.voisin@gmail.com"
"successful","Rich, Alvarez and King","Brandy","Meraz","brandy.meraz@yahoo.com"
"successful","Gomez LLC","Patrizia","Wilms","patrizia.wilms@dbmail.com"
"successful","Smith-Wallace","Cornelio","Guardado","cornelio.guardado@gmail.com"
"successful","Cordova, Shaw and Wang","Ferdi","Blackburn","ferdi.blackburn@christensen.net"
"successful","Bell, Edwards and Andersen","Hartwig","Roberts","hartwig.roberts@saraceno.net"
"successful","Robles, Bell and Gonzalez","Alexandre","Serrano","alexandre.serrano@yahoo.co.uk"
"successful","Roberts Group","Perla","Figueroa","perla.figueroa@live.com"
"successful","Frederick, Jenkins and Collins","Rudolf","Jenkins","rudolf.jenkins@hotmail.com"
"successful","Smith-Sparks","Lolita","Borrego","lolita.borrego@gmail.com"
"successful","Cordova-Torres","Pierluigi","Taccola","pierluigi.taccola@gmx.de"
"successful","Garrison LLC","April","Davids","april.davids@fisher.info"
"successful","Benjamin, Paul and Ferguson","Ricciotti","Laureano","ricciotti.laureano@parsons.com"
"successful","York-Pitts","Anne","Snow","anne.snow@gmail.com"
"successful","Ho Ltd","Austin","Musatti","austin.musatti@tin.it"
"successful","Brown, Estrada and Jensen","Jacinto","Rose","jacinto.rose@yahoo.com"
"successful","Fowler-Smith","Tania","Chapman","tania.chapman@remy.com"
"successful","Joseph LLC","Claudio","Reuter","claudio.reuter@morgan-collins.org.au"
"successful","Hardin-Foley","Paige","Hill","paige.hill@jones.org.au"
"successful","Perez PLC","Tonia","Coleman","tonia.coleman@hotmail.com"
"successful","Harris-Jennings","Evelyn","Haynes","evelyn.haynes@clark.info"
"successful","Todd, Freeman and Henry","Lea","Merle","lea.merle@stey.de"
"successful","Brown Ltd","Corinne","Mitschke","corinne.mitschke@hauffer.net"
"successful","Christian, Yates and Greer","Valerie","Ortega","valerie.ortega@tele2.it"
"successful","Cole, Hernandez and Rodriguez","Carlos","Delle","carlos.delle@hicks.com"
"successful","Hughes, Mendez and Patterson","Loretta","Mallet","loretta.mallet@sansoni-toscani.it"
"successful","Santos, Williams and Brown","Elaine","Patterson","elaine.patterson@rose-morris.org"
"successful","Barnett and Sons","Marcella","Govoni","marcella.govoni@barkholz.net"
"successful","Petersen-Rodriguez","Ettore","Amaldi","ettore.amaldi@germain.com"
"successful","King LLC","Georges","Richards","georges.richards@macdonald.com"
"successful","Dean, Fox and Phillips","Hannah","Jockel","hannah.jockel@ceravolo-tonisto.eu"
"successful","Smith, Scott and Rodriguez","Anouk","Pace","anouk.pace@gmail.com"
"successful","Tucker, Mccoy and Marquez","Anastasie","Cadena","anastasie.cadena@live.com"
"successful","Carlson-Hernandez","Omar","Fonseca","omar.fonseca@grupo.org"
"successful","Hunt, Barker and Baker","Marco","Vittadello","marco.vittadello@gmail.com"
"successful","Harris Inc","Eugenia","Zichichi","eugenia.zichichi@yahoo.com"
"successful","Payne, Garrett and Thomas","Alfio","Roman","alfio.roman@hotmail.co.uk"
"successful","Robinson-Kelly","Josh","Cimarosa","josh.cimarosa@hotmail.com"
"successful","Nguyen and Sons","Ellinor","Leclercq","ellinor.leclercq@gmail.com"
"successful","Jones PLC","Patricio","Guillon","patricio.guillon@web.de"
"successful","Martin, Gates and Holt","Ansaldo","Marks","ansaldo.marks@patel-odonnell.com"
"successful","Mcclain LLC","Andrea","Arroyo","andrea.arroyo@yahoo.com.au"
"successful","Ortega LLC","Gilbert","Cornejo","gilbert.cornejo@hotmail.com"
"successful","Silva, Walker and Martin","Letizia","Gulotta","letizia.gulotta@howard.biz"
"successful","Huynh, Gallegos and Mills","Etta","Gutknecht","etta.gutknecht@leconte.net"
"successful","Garza-Bryant","Geoffrey","Williams","geoffrey.williams@poste.it"
"successful","Tapia, Kramer and Hicks","Guido","Krein","guido.krein@gmail.com"
"successful","Beck-Knight","Manon","Daugherty","manon.daugherty@segre.com"
"successful","Mccoy Ltd","Estela","Segovia","estela.segovia@vodafone.it"
"successful","Stone PLC","Adriano","Wulf","adriano.wulf@schmidtke.net"
"successful","Garcia Ltd","Theres","Antonioni","theres.antonioni@hotmail.com"
"successful","Fitzgerald Group","Gianpaolo","Massey","gianpaolo.massey@bouvier.com"
"successful","Greer and Sons","Edda","Ferraris","edda.ferraris@libero.it"
"successful","Perez, Reed and Lee","Todd","Douglas","todd.douglas@web.de"
"successful","Chen, Pollard and Clarke","Oscar","Holsten","oscar.holsten@yahoo.com"
"successful","Serrano, Gallagher and Griffith","Ann","Peron","ann.peron@grupo.biz"
"successful","Rowland PLC","Giacinto","Briggs","giacinto.briggs@yahoo.co.uk"
"successful","Ramirez-Calderon","Shannon","Lefevre","shannon.lefevre@gmail.com"
"successful","Mathis-Rodriguez","Rosalia","Toro","rosalia.toro@free.fr"
"successful","Meza, Kirby and Patel","Enrico","Fabre","enrico.fabre@gmail.com"
"successful","Small-Fuentes","Stanislaw","Montalvo","stanislaw.montalvo@mcpherson-hughes.info"
"successful","Perez, Brown and Meyers","Susanna","Bonneau","susanna.bonneau@klingelhoefer.de"
"successful","Walker-Taylor","Chelsea","Verdugo","chelsea.verdugo@campbell.com"
"successful","Ball-Fisher","Pasquale","Tomasini","pasquale.tomasini@hotmail.co.uk"
"successful","Jones, Casey and Jones","Damien","Leger","damien.leger@dixon.biz"
"successful","Martinez LLC","Alfred","Pohl","alfred.pohl@fechner.net"
"successful","Miller-Hubbard","Diethard","Salgado","diethard.salgado@gmail.com"
"successful","Gallegos, Wagner and Gaines","Allan","Emanuelli","allan.emanuelli@fernandes.org"
"successful","Jordan-Fischer","Yuridia","Fantozzi","yuridia.fantozzi@mcdonald.com"
"successful","Howell and Sons","Antoinette","Cox","antoinette.cox@bustamante.com"
"successful","Moses-Terry","Jacqueline","Germano","jacqueline.germano@valette.fr"
"successful","Young, Ramsey and Powell","Coriolano","Higgins","coriolano.higgins@murphy.org.au"
"successful","Lewis and Sons","Felix","Rubio","felix.rubio@ebert.de"
"successful","Ellis, Smith and Armstrong","Vittorio","Caccioppoli","vittorio.caccioppoli@yahoo.com"
"successful","Wood, Buckley and Meza","Alwina","Textor","alwina.textor@poste.it"
"successful","Santana-George","Darren","Bernardi","darren.bernardi@brooks-martin.com"
"successful","White-Rosario","Craig","Jordan","craig.jordan@gmail.com"
"successful","Lynch Ltd","Fridolin","Comboni","fridolin.comboni@graf.com"
"successful","Palmer Ltd","Ludovico","Cafarchia","ludovico.cafarchia@gmail.com"
"successful","Haynes PLC","Werner","Kallert","werner.kallert@gmail.com"
"successful","Gates, Li and Thompson","Adelgunde","Trevisan","adelgunde.trevisan@gmail.com"
"successful","Wise and Sons","Lawrence","Vasari","lawrence.vasari@castillo.edu"
"successful","Butler-Barr","Sam","Adams","sam.adams@yahoo.com"
"successful","Wilson, Jefferson and Anderson","Mirco","Nicolini","mirco.nicolini@blin.net"
"successful","Turner-Terrell","Calcedonio","Remy","calcedonio.remy@edwards-benton.com"
"successful","Hall, Buchanan and Benton","Nanni","Almaraz","nanni.almaraz@martin.com"
"successful","Espinoza Group","Manuel","Gracia","manuel.gracia@trussardi.eu"
"successful","Davis, Crawford and Lopez","Gionata","Hussain","gionata.hussain@yahoo.com"
"successful","Richards, Stevens and Fleming","Maria","Nguyen","maria.nguyen@hernadez.com"
"successful","Moss-Obrien","Alan","Pineda","alan.pineda@proyectos.info"
"successful","Riley, Cohen and Goodman","Shane","Fernandez","shane.fernandez@hotmail.de"
"successful","Peck, Higgins and Smith","Giacomo","Bouvet","giacomo.bouvet@gmail.com"
"successful","Davis and Sons","Cristian","Hale","cristian.hale@hotmail.co.uk"
"successful","Lopez-King","Marisa","Renaud","marisa.renaud@smith.org"
"successful","Ayala Group","Elliott","Herrmann","elliott.herrmann@hotmail.com.au"
"successful","Huerta, Roberts and Dickerson","Graziella","Vidal","graziella.vidal@hotmail.com"
"successful","Williams, Martin and Meyer","Julian","Noble","julian.noble@hill.org.au"
"successful","Lewis-Jacobson","Virginie","McLean","virginie.mclean@yahoo.com"
"successful","Gray-Jenkins","Katelyn","Cole","katelyn.cole@fiebig.com"
"successful","Maldonado and Sons","Gian","Long","gian.long@hotmail.com"
"successful","Sanchez LLC","Amy","Georges","amy.georges@raedel.de"
"successful","Decker Inc","Kyle","Cunningham","kyle.cunningham@voila.fr"
"successful","Clark and Sons","Alex","Smith","alex.smith@fournier.fr"
"successful","Bautista-Cross","Riza","Techer","riza.techer@yahoo.com"
"successful","Jackson Inc","Casey","Flores","casey.flores@baggio.org"
"successful","Brown-Mckee","Zachary","Vespucci","zachary.vespucci@industrias.com"
"successful","Wong-Walker","Vanessa","Tschentscher","vanessa.tschentscher@mitchell.com"
"successful","Peterson PLC","Corey","Greggio","corey.greggio@johnson.org.au"
"successful","Sanchez-Morgan","Mitzy","Junk","mitzy.junk@zaragoza.com"
"successful","Thompson-Bates","Irma","Gemito","irma.gemito@googlemail.com"
"successful","Brown Group","Nayeli","Gehringer","nayeli.gehringer@hotmail.com"
"successful","Whitaker, Wallace and Daniels","Herlinde","George","herlinde.george@free.fr"
"successful","Green-Carr","Lucy","Davidson","lucy.davidson@tele2.it"
"successful","Baker, Collins and Smith","Modesto","Wright","modesto.wright@pareto.com"
"successful","Noble-Bailey","Brigitte","Stiebitz","brigitte.stiebitz@gmail.com"
"successful","Lyons Inc","Christiane","Ricciardi","christiane.ricciardi@zavala.com"
"successful","Mahoney, Adams and Lucas","Rita","Sharp","rita.sharp@beard-scott.edu.au"
"successful","Murillo-Mcfarland","Sylvia","Bonomo","sylvia.bonomo@poulain.com"
"successful","Kelley, Stanton and Sanchez","Edward","Scott","edward.scott@yahoo.com"
"successful","Powell and Sons","Giacobbe","Owens","giacobbe.owens@huet.fr"
"successful","Park-Goodman","Deanna","Aporti","deanna.aporti@bouygtel.fr"
"successful","Walsh-Watts","Morgan","Irizarry","morgan.irizarry@williams-harris.biz"
"successful","Ray, Li and Li","Natividad","Wong","natividad.wong@hoevel.com"
"successful","Barnes, Wilcox and Riley","Leif","Monnier","leif.monnier@querini.it"
"successful","Thomas-Simmons","Jordan","Rowe","jordan.rowe@outlook.com"
"successful","Alvarez-Andrews","Victor","Jacobs","victor.jacobs@young.com"
"successful","Pierce-Ramirez","Eraldo","Schmiedt","eraldo.schmiedt@hotmail.de"
"successful","Williams, Price and Hurley","Joshua","Scheibe","joshua.scheibe@turci.org"
"successful","Collins-Martinez","Ellie","Galarza","ellie.galarza@pareto-cattaneo.net"
"successful","Hayes Group","Lore","Delaunay","lore.delaunay@yahoo.com"
"successful","Beck-Weber","Jared","Ferguson","jared.ferguson@roberts.com"
"successful","Wilson Group","Leah","Ornelas","leah.ornelas@gmail.com"
"successful","Green Ltd","Tatiana","Thompson","tatiana.thompson@hunt.net"
"successful","Reeves, Thompson and Richardson","Lina","Alcala","lina.alcala@vespa.net"
"successful","Mitchell and Sons","Stewart","Hunt","stewart.hunt@anderson-vargas.biz"
"successful","Smith-Jones","Abdul","Thomas","abdul.thomas@vasari.com"
"successful","Luna, Anderson and Fox","Dennis","Boaga","dennis.boaga@gmx.de"
"successful","Perry and Sons","Michele","Brambilla","michele.brambilla@yahoo.com"
"successful","Holmes PLC","Carl","Macias","carl.macias@yahoo.com"
"successful","Terry-Salinas","Conor","Reinhardt","conor.reinhardt@yahoo.com.au"
"successful","Olsen-Ryan","Guglielmo","Caldwell","guglielmo.caldwell@loeffler.com"
"successful","Collins LLC","Luciana","Petitjean","luciana.petitjean@patterson-cole.biz"
"successful","Best, Miller and Thomas","Uriel","Holt","uriel.holt@gmail.com"
"successful","Wilson Ltd","Pauline","Ackermann","pauline.ackermann@arredondo-roque.com"
"successful","Hardin-Dixon","Jacques","Heidrich","jacques.heidrich@zamudio-chapa.com"
"successful","Moore, Cook and Wright","Mauricio","Saunders","mauricio.saunders@hotmail.co.uk"
"successful","Moore Group","Rochus","Rousseau","rochus.rousseau@nguyen.com"
"successful","Callahan-Gilbert","Senta","Grassi","senta.grassi@hotmail.com"
"successful","Brooks-Rodriguez","Wolf","Lutz","wolf.lutz@nichols-jackson.com.au"
"successful","Harmon-Madden","Lothar","Laurent","lothar.laurent@garcia.com.au"
"successful","Miranda, Martinez and Lowery","Sue","Corrales","sue.corrales@cardenas-serna.org"
"successful","Cole, Salazar and Moreno","Luca","Moses","luca.moses@franke.de"
"successful","Sanchez-Parsons","Kathy","Zamorani","kathy.zamorani@hotmail.com"
"successful","Morrow Inc","Julio","Renner","julio.renner@industrias.net"
"successful","Cochran-Nguyen","Martha","Girard","martha.girard@web.de"
"successful","Clark-Cooke","Sheila","Goodwin","sheila.goodwin@yahoo.com"
"successful","Hampton, Lewis and Ray","Greco","Walker","greco.walker@yahoo.com"
"successful","Huang-Henderson","Tracy","Metz","tracy.metz@bryant.info"
"successful","Pineda Group","Giampiero","Carlier","giampiero.carlier@hotmail.com"
"successful","Reid, Rivera and Perry","Patrick","Rosas","patrick.rosas@yahoo.com"
"successful","Ellison PLC","Camille","Tafuri","camille.tafuri@aol.de"
"successful","Braun PLC","Dionigi","Bruce","dionigi.bruce@industrias.com"
"successful","Salazar-Moon","Kornelius","Molina","kornelius.molina@heuser.com"
"successful","Myers LLC","Frances","Garnier","frances.garnier@aporti-guidotti.org"
"successful","Hansen Group","Victoire","Travaglia","victoire.travaglia@zacchia.com"
"successful","Mckee-Hill","Alvaro","Lemus","alvaro.lemus@yahoo.com"
"successful","Hunt LLC","Lucie","Redi","lucie.redi@googlemail.com"
"successful","Fischer, Fowler and Arnold","Fulvio","Curiel","fulvio.curiel@reynolds.com"
"successful","Hale-Hayes","Eleni","Aponte","eleni.aponte@club-internet.fr"
"successful","Haynes-Williams","Swantje","Lomeli","swantje.lomeli@gmx.de"
"successful","Moss-Guzman","Elliot","Santana","elliot.santana@gmx.de"
"successful","Williams and Sons","Angelica","Cuellar","angelica.cuellar@zaguri-bellucci.net"
"successful","Peterson, Fletcher and Sanchez","Marianne","Hubert","marianne.hubert@hotmail.com"
"successful","Green, Murphy and Webb","Tim","Bradley","tim.bradley@schlosser.de"
"successful","Green, Robinson and Ho","Debbie","Guilbert","debbie.guilbert@berg.edu"
"successful","Johnson, Parker and Haynes","Marina","Madrid","marina.madrid@galarza-alba.com"
"successful","Tran, Steele and Wilson","James","Elliott","james.elliott@gmail.com"
"successful","Fox Group","Nino","Bien","nino.bien@gmail.com"
"successful","Price-Rodriguez","Joanna","Baxter","joanna.baxter@bruce-wright.com"
"successful","Underwood, James and Jones","Ashleigh","Montez","ashleigh.montez@perry-schneider.com"
"successful","Solomon PLC","Gordon","Vigorelli","gordon.vigorelli@solano.com"
"successful","Miranda, Gray and Hale","Margaret","Eigenwillig","margaret.eigenwillig@yahoo.com"
"successful","Stevenson-Thompson","Abbie","Galeati","abbie.galeati@ubaldi.it"
"successful","Simmons-Villarreal","Homero","Respighi","homero.respighi@gmail.com"
"successful","Chaney-Dennis","Robert","Bruder","robert.bruder@manzoni.com"
"successful","Miles and Sons","Marisol","Richard","marisol.richard@gmail.com"
"successful","Ross, Kelly and Brown","Brent","Pons","brent.pons@proyectos.net"
"successful","Smith-Gonzalez","Pamela","Payne","pamela.payne@yahoo.com"
"successful","Miller-Poole","Hanne","Kidd","hanne.kidd@yahoo.com"
"successful","Santos-Young","Dorothe","Paz","dorothe.paz@fiebig.de"
"successful","Mack Ltd","Marcela","Ferrante","marcela.ferrante@gmx.de"
"successful","Bowen, Davies and Burns","Regina","Morin","regina.morin@barcaccia.net"
"successful","Davis-Johnson","Melanie","Leveque","melanie.leveque@fleury.net"
"successful","Barrett Inc","Marion","Lira","marion.lira@ifrance.com"
"successful","Riggs Group","Tom","Leconte","tom.leconte@woods-johnson.com"
"successful","Lester-Moore","Hermelinda","Olmos","hermelinda.olmos@portillo.com"
"successful","Cummings Inc","Marvin","Howe","marvin.howe@gmail.com"
"successful","Lam-Hamilton","Jill","Barrios","jill.barrios@gmail.com"
"successful","Rose-Fuller","Clinton","Mason","clinton.mason@yahoo.com"
"successful","Davis LLC","Martina","Heser","martina.heser@morellato.it"
"successful","Hines Inc","Sophie","Antoine","sophie.antoine@andersen.com"
"successful","Hudson-Nguyen","Alma","Raymond","alma.raymond@tin.it"
"successful","Gonzalez-Martinez","Leonid","Scholl","leonid.scholl@collin.com"
"successful","Barry Group","Auguste","Burnett","auguste.burnett@yahoo.fr"
"successful","Warren-Harrison","Alice","Wall","alice.wall@zaccardo.it"
"successful","Ortiz, Valenzuela and Collins","Christina","Besnard","christina.besnard@delorme.com"
"successful","Gilmore LLC","Kirsten","Chindamo","kirsten.chindamo@carrillo-wall.com"
"successful","Lane-Barber","Nathan","Jennings","nathan.jennings@kim.com"
"successful","Rodriguez, Cox and Rodriguez","Elisa","Barkholz","elisa.barkholz@sfr.fr"
"successful","Landry Group","Jose","Huang","jose.huang@gmx.de"
"successful","Alvarez-Bauer","Zeferino","Barrera","zeferino.barrera@zedillo-velazquez.com"
"successful","Anderson, Williams and Cox","Lucia","Riviere","lucia.riviere@samaniego.biz"
"successful","Ortiz Inc","Gianna","Carroll","gianna.carroll@perez.com"
"successful","Schroeder Ltd","Valeria","Rich","valeria.rich@turchetta-mondadori.it"
"successful","Black, Armstrong and Anderson","Gerald","Olivera","gerald.olivera@outlook.com"
"successful","Reid-Mccullough","Jens","Graham","jens.graham@jones-buckley.com"
"successful","Johnson, Patterson and Montoya","Nicola","Rossi","nicola.rossi@berry.org"
"successful","Salazar-Dodson","Romeo","Surian","romeo.surian@batista.com"
"successful","Rodriguez-Scott","Michelle","Collier","michelle.collier@peruzzi.it"
"successful","Shannon-Olson","Dolores","Didier","dolores.didier@yahoo.com.au"
"successful","Pace, Simpson and Watkins","Devin","Ebert","devin.ebert@yahoo.fr"
"successful","Campbell, Thomas and Obrien","Susan","Vigliotti","susan.vigliotti@yahoo.co.uk"
"successful","Allen Inc","Derrick","Little","derrick.little@small.org"
"successful","Schmitt-Mendoza","Tyler","Rivera","tyler.rivera@guajardo-ozuna.com"
"successful","Hart-Briggs","Luke","Klein","luke.klein@hotmail.com"
"successful","Mays LLC","Cory","Stewart","cory.stewart@voila.fr"
"successful","Jones-Gonzalez","Fiorenzo","Bauer","fiorenzo.bauer@gmail.com"
"successful","Montgomery, Larson and Spencer","Denny","Fritz","denny.fritz@despacho.biz"
"successful","Clark Group","Barbara","Guibert","barbara.guibert@casares-sanches.com"
"successful","Avila-Nelson","Philippe","Gardner","philippe.gardner@howells-jones.net"
"successful","Ward, Sanchez and Kemp","Elena","Jimenez","elena.jimenez@yahoo.com.au"
"successful","Gonzalez-Robbins","Metin","Coulon","metin.coulon@ashley.com"
"successful","Nichols Ltd","Desiree","Huerta","desiree.huerta@morris.com"
"successful","Smith and Sons","Guillermo","Larsen","guillermo.larsen@yahoo.com"
"successful","Pugh LLC","Kevin","Delahaye","kevin.delahaye@ellis-wilson.com"
"successful","Perez Group","Severino","Linares","severino.linares@angeli.com"
"successful","Bradley, Beck and Mayo","Roberta","Finzi","roberta.finzi@knight-davies.co.uk"
"successful","Levine, Martin and Hernandez","Editha","Savage","editha.savage@davies.co.uk"
"successful","Anderson, Parks and Estrada","Carin","Pineau","carin.pineau@yahoo.com"
"successful","Mason, Case and May","Mandy","Weston","mandy.weston@free.fr"
"successful","Hernandez Inc","Micaela","Martel","micaela.martel@hotmail.com"
"successful","Caldwell, Velazquez and Wilson","Cilly","Gay","cilly.gay@callegaro.it"
"successful","Bridges, Freeman and Kim","Raymond","Solorzano","raymond.solorzano@gmail.com"
"successful","Sutton, Barrett and Tucker","Abigail","Foster","abigail.foster@taylor.net"
"successful","Porter-George","Roger","Gerlach","roger.gerlach@may-mitchell.co.uk"
"successful","Santos, Bell and Lloyd","Giulio","Bohlander","giulio.bohlander@dbmail.com"
"successful","Brown-Brown","Kelly","Carter","kelly.carter@hotmail.com.au"
"successful","Miranda, Hall and Mcgrath","Gabriel","Robles","gabriel.robles@yahoo.com"
"successful","Mendoza-Parker","Lilla","Leonard","lilla.leonard@jungfer.com"
"successful","Perez, Davis and Wilson","Adela","Alfonsi","adela.alfonsi@despacho.com"
"successful","Cuevas-Morales","Julien","Miles","julien.miles@stevens-rose.com"
"successful","Johnson Inc","Liberto","Niemeier","liberto.niemeier@germano-dibiasi.it"
"successful","Williams-Walsh","Madeleine","Cooper","madeleine.cooper@poste.it"
"successful","Jensen LLC","Gaetano","Leonardi","gaetano.leonardi@despacho.com"
"successful","Buckley Group","Petros","Gaona","petros.gaona@googlemail.com"
"successful","Bryant-Pope","Walther","Duarte","walther.duarte@web.de"
"successful","Bailey, Nguyen and Martinez","Edeltrud","Boyer","edeltrud.boyer@outlook.com"
"successful","Vega Group","Jessica","Martinez","jessica.martinez@salieri.com"
"successful","Johnson-Lee","Constance","Maldonado","constance.maldonado@spiess.net"
"successful","Hoffman-Howard","Carlo","Jacquot","carlo.jacquot@hotmail.com"
"successful","Roberts and Sons","Eddie","Collazo","eddie.collazo@gmail.com"
"successful","Maldonado-Gonzalez","Jaqueline","Wallace","jaqueline.wallace@gmail.com"
"successful","White, Torres and Bishop","Stacey","Knox","stacey.knox@corporacin.com"
"successful","Robinson, Lopez and Christensen","Phillip","Soliz","phillip.soliz@outlook.com"
"successful","Stanton, Neal and Rodriguez","Irene","Anichini","irene.anichini@yahoo.com"
"successful","Burton-Watkins","Octavio","Pratt","octavio.pratt@web.de"
"successful","Brown-Vang","Robin","Schleich","robin.schleich@rogers-barrera.biz"
"successful","Johnson LLC","Ernest","Delorme","ernest.delorme@dowerg.de"
"successful","Garcia Inc","Giancarlo","Heydrich","giancarlo.heydrich@hotmail.com"
"successful","Watkins Ltd","Lucrezia","Koch","lucrezia.koch@petit.com"
"successful","Walker Ltd","Amico","Gosselin","amico.gosselin@shaw.info"
"successful","Davis-Allen","Daniel","Anders","daniel.anders@yahoo.com"
"successful","Sullivan, Davis and Booth","Isaac","Benard","isaac.benard@googlemail.com"
"successful","Robles-Hudson","Catalina","Pizzetti","catalina.pizzetti@tim.it"
"successful","Adams, Walker and Wong","Kathryn","Hentschel","kathryn.hentschel@shaw.com"
"successful","Brown-Pena","Renee","Merino","renee.merino@gmail.com"
"successful","Swanson, Wilson and Baker","Agnolo","Cedillo","agnolo.cedillo@laboratorios.biz"
"successful","White, Robertson and Roberts","Esteban","Valdez","esteban.valdez@hotmail.com"
"successful","Gonzalez, Williams and Benson","Bozena","Schmitt","bozena.schmitt@vallet.com"
"successful","Thompson-Moreno","Alec","Ho","alec.ho@parra-esparza.com"
"successful","Caldwell PLC","Pompeo","Bourdon","pompeo.bourdon@gmail.com"
"successful","Guerrero-Griffin","Emma","Rios","emma.rios@yahoo.com.au"
"successful","Olson-Bishop","Rebeca","Frey","rebeca.frey@gerard.fr"
"successful","Rodriguez, Anderson and Porter","Nicolas","Palacios","nicolas.palacios@meraz.com"
"successful","Ward PLC","Egon","Caron","egon.caron@hotmail.com"
"successful","Vazquez, Ochoa and Clark","Bethan","Giacometti","bethan.giacometti@gmail.com"
"successful","Chung-Nguyen","Ethan","Duhamel","ethan.duhamel@sfr.fr"
"successful","Young and Sons","Leonard","Harvey","leonard.harvey@hotmail.com"
"successful","Valenzuela-Cook","Alexander","Pausini","alexander.pausini@gonzalez.info"
"successful","Little Ltd","Margrit","Hooper","margrit.hooper@douglas.com"
"successful","Giles-Smith","Monica","Mohaupt","monica.mohaupt@live.com"
